{"1": [0.1528029019245878, 0.10479161015246063, 0.0822519171051681, 0.0747564232442528, 0.07341587985865772, 0.0725593144306913, 0.07230642647482455, 0.07200720958644524, 0.07175876287510619, 0.07169706182321534, 0.07141618785681203, 0.07144314341712743, 0.07126038457499817, 0.0713300522766076, 0.07098997372668236, 0.07105767959728837, 0.07080366951413453, 0.07109239941928536, 0.07104392244946212, 0.07063399360049516, 0.07073934067739174, 0.07042778085451573, 0.07056022679898888, 0.07040478114504367, 0.07039339962648228, 0.0702780089341104, 0.07020962657406926, 0.07038270228076726, 0.07046540477313101, 0.07026129902806133, 0.07038793031824753, 0.07011624955339357, 0.07008499733638018, 0.07017346331849694, 0.0701029954943806, 0.07000491832150146, 0.06996025989064947, 0.06991535314591601, 0.0700448183924891, 0.06972407584544271, 0.06963194644777104, 0.06989519315538928, 0.06959401071071625, 0.06969986652256921, 0.06949841266032308, 0.06978063256246969, 0.06941278430167586, 0.0693877330631949, 0.06933625077363104, 0.0692158016609028], "2": [0.15789878775831312, 0.08032615820411593, 0.06017341424012557, 0.05465834494680166, 0.05205219564959407, 0.05045348050771281, 0.04973544902168214, 0.048496056406293064, 0.04782302415696904, 0.047322955855634063, 0.04735659545985982, 0.04597082233522087, 0.04520664783194661, 0.044869315810501575, 0.04431786749046296, 0.044216088368557394, 0.043493545264936984, 0.042765873891767114, 0.042250845523085445, 0.0423889082740061, 0.04141025317949243, 0.04085324774496257, 0.04010753607144579, 0.04014973121229559, 0.03937258874066174, 0.03903468686621636, 0.038594195124460384, 0.03845936743891798, 0.0381669576454442, 0.03737580147571862, 0.0377024236950092, 0.037084754585521296, 0.0361821330152452, 0.03600422525778413, 0.035871536092599854, 0.035478404752211645, 0.035187054250855, 0.035239918739534914, 0.034957163472427055, 0.035202396975364536, 0.03394493935047649, 0.03393497483921237, 0.033638540480751544, 0.03339412764762528, 0.033399386215023696, 0.03293953539105132, 0.033090641198214144, 0.03244738015928306, 0.03241895395331085, 0.03197153442306444], "3": [0.14320111379493028, 0.08230737526901066, 0.04672649136045948, 0.03217712600599043, 0.02581450910656713, 0.023196518333861604, 0.02033366757677868, 0.018229475230327807, 0.018092433558194898, 0.014998175873188302, 0.014320216039777733, 0.013490518220351078, 0.013017942241276614, 0.01165668378234841, 0.011404225733713247, 0.011929733278520871, 0.010472799942363054, 0.00971429502533283, 0.009880876139504835, 0.008780442607530858, 0.008695909993548412, 0.008223526179790497, 0.007745017755951267, 0.008864072493452113, 0.008421963546425104, 0.007303743077500258, 0.006814135282183997, 0.006690240421448834, 0.006695457901514601, 0.00694732584815938, 0.006492787470051553, 0.00620921807421837, 0.005933482476393692, 0.005643890101055149, 0.005387474746385124, 0.005590675129496958, 0.005881274617422605, 0.005679857371433172, 0.005237299246800831, 0.0047826501286181156, 0.0045870965004723985, 0.004993216145521728, 0.0045259468352014665, 0.004271429443178931, 0.0050707573755062185, 0.0048470442452526186, 0.004470908097573556, 0.004672590574045898, 0.004203387306915829, 0.004521593222307274], "4": [0.1515726838260889, 0.09496140759438276, 0.05310822447063401, 0.030717031128006056, 0.023648789152503014, 0.01951096157426946, 0.01648267896962352, 0.014901156682753935, 0.012836576061090454, 0.012028893805108964, 0.010404031447251327, 0.010058708416181616, 0.009047613573784474, 0.00832995569362538, 0.007932752247143071, 0.0069561803102260455, 0.006899338142829947, 0.006238023168407381, 0.006631006704992615, 0.0068535968093783595, 0.005340009582141647, 0.00504969963003532, 0.005025852147809928, 0.0048104267989401706, 0.005176972048502648, 0.004777756115800003, 0.004307029415940633, 0.004109941353817703, 0.004036693171656225, 0.003701922130858293, 0.0037326087658584584, 0.0032159813890757505, 0.0033108141178672668, 0.0030802576802670956, 0.0030831369549559895, 0.002977728276164271, 0.003081892638874706, 0.0032500820816494524, 0.0026732341011665994, 0.002886888514694874, 0.0030269320886873174, 0.003936689321562881, 0.002964226354379207, 0.0025326291433884762, 0.0021267424981488148, 0.0025267795936088078, 0.002671867056051269, 0.0025625127582316054, 0.002231521566500305, 0.002029991466770298], "5": [0.1693412682507187, 0.062018513621296734, 0.03492077926057391, 0.024718141212360933, 0.018249284708872437, 0.015217313601169735, 0.013214049016823992, 0.013127416343195364, 0.010711335911764763, 0.009198902298521716, 0.00837899627367733, 0.007469749747542664, 0.007784768989949953, 0.0069581605202984065, 0.006133483642770443, 0.006090309398132376, 0.005516247256309725, 0.004780138198839268, 0.0045531167670560535, 0.004023566420073621, 0.004174712044914486, 0.004135990788199706, 0.0038963728547969367, 0.004203240852802992, 0.0032610829366603866, 0.0035822384779748973, 0.0030824894965917338, 0.0029493407455447596, 0.0028063376557838637, 0.0027834217689814977, 0.0028660410935117397, 0.0028750420642609242, 0.0023902064822323155, 0.0025823388750723097, 0.0022501637886307435, 0.002627201434734161, 0.002925991169831832, 0.002845042132321396, 0.0024714373848837567, 0.0023877860712673282, 0.0023330836029344937, 0.0020030192281410564, 0.0019303870813018875, 0.0021979792618367355, 0.0017477980145486072, 0.0016950618683040375, 0.0020449110143090365, 0.0021771413757960545, 0.0015538927400484681, 0.0019427554288995452]}